﻿Jim Click KIA,Michael McNamara,mmcnamara@jimclick.com,Michael
Earnhardt Liberty Kia,Brian Roos (ROSE),brian.roos@earnhardt.com,Brian
Mark Kia,Harry Granger (USE # NEXT TO NAME),harry@markkia.com,Harry
Peoria KIA,Derek Holmes,derek.holmes@peoriakia.com,Derek
Oxendale Kia,Craig Gerasim (GAIR-e-sim),kiaparts@oxendale.com,Craig
Zamora Kia of Yuma,Brett Castro,brett.c@kiaofyuma.com,Brett
Pitre Kia,Randy Powers,rpowers@pitrekia.com,Randy
Santa Fe Kia,Laurence Taylor,ltaylor@kiaofsantafe.net,Laurence
Tempe Kia,Scott Purtle,service@tempekia.com,Scott
