﻿Peak Kia Chapel Hills,Brett McCabe,brett@peakkia.com,Brett
Grand West KIA,April Bell,april.ajwilliams@yahoo.com,April
Peak KIA,Brett McCabe,brett@peakkia.com,Brett
"Jerry Seiner Kia, Salt Lake",Brandon Kempff,bkempff@jerryseiner.com,Brandon
Doug Smith,Kem Thomas,kem@heydoug.net,Kem
KIA Of Cheyenne,Marty Janeski,marty@kiaofcheyenne.net,Marty
Wasatch Front Kia,Kyle Blackburn,kblackburn@cutrubus.com,Kyle
Jerry Seiner Kia,Stefan Weinman,sweinman@jerryseiner.com,Stefan
Young Kia,Chris Milligan,chrism@youngkia.com,Chris
Phil Long Kia of Colorado Springs,Greg Wolfe,gwolfe@phillong.com,Greg
Dale Spradley Kia,Brent Colletti,bcolletti@spradley.com,Brent
Arapahoe Kia,Bob Malafronte,bmalafronte@coloradokia.com,Bob
Durango Kia,Bob Snider,rsnider@durangomotorcompany.com,Bob
Medved Kia,Kristian Damasiewicz,christian@medved.com,Kristian
White's Mountain Kia,Dave Meade,dmeade@whitesmountainmotors.com,Dave
Findlay Kia of St George,Jeff Hafen,jhafen@findlayauto.com,Jeff
