﻿Jerry Smith Kia,Aaron Gugel,aarong@jerrysmithcars.com,Aaron
Smith Kia of Bellingham,Mike Lykins,mikel@jerrysmithcars.com,Mike
Dick Hannah Kia,Devin Henry,dhenry@dickhannah.com,Devin
George Gee Kia Liberty Lake,Kelly Stockton,kstockton@goseegee.com,Kelly
Lee Johnson Chevrolet KIA Mazda,Greg Bednarz,gbednarz@leejohnson.com,Greg
Overturf Volkswagen Kia,Brian Hull,bhull@overturfmotors.com,Brian
Dennis Dillon Kia,Beau Bouton,bbouton@dennisdillon.com,Beau
Sunset Kia,Justin Mithun,justin.mithun@sunsetkiaofauburn.com,Justin
Lithia KIA Of Anchorage,Justin Green,jgreen@lithia.com,Justin
Stone's Kia,Kyle Stringham,,Kyle
Buttes Mile High Chrysler Dodge Jeep RAM KIA,Mark Hislop,mhislop@milehighcjd.com,Mark
Kia of Portland on Broadway,Bryce Baulig,bbaulig@kiaofportland.com,Bryce
Butler KIA,Tom Pitts,tompitts@butlerman.com,Tom
