﻿Kiefer KIA,Paul Sucamele,p_sucamele@gokiefer.com,Paul
Power KIA,Steve Schendel,steves@powerkia.com,Steve
Team KIA Of Bend,Joshua Casey,j.casey@goteamkia.com,Joshua
Warrenton KIA,Steven Counts,src@warrentonkia.net,Steven
Car Pros KIA Tacoma,John Samples,jsamples@carpros.com,John
Hanson KIA Subaru,Dale Reeves,dale@hansonmotors.com,Dale
West Hills Kia,Matt Wright,mwright@westhillskia.com,Matt
KIA Of Puyallup,Tom Evans,tome@kiaofpuyallup.com,Tom
Car Pros Kia Renton,Jeff Lydic,jlydic@carpros.com,Jeff
Wenatchee KIA,Dave Manke,dmanke@nwkia.com,Dave
Steve Hahn's Performance Volkswagen,Jared Lingle,jlingle@stevehahns.com,Jared
Billion Kia of Missoula,Cameron Moncy,cameron.moncy@billionauto.com,Cameron
Beaverton Kia,Rob Corder,rcorder@beavertonkia.com,Rob
Ron Tonkin KIA,Geoff Walker,geoff.walker@tonkin.com,Geoff
Chuck Olson Kia,Brandon Gloeckner,brandon@chuckolsonkia.com,Brandon
