﻿Jerry Smith Kia,Aaron Gugel,aarong@jerrysmithcars.com,Aaron
Smith Kia of Bellingham,Mike Lykins,mikel@jerrysmithcars.com,Mike
Dick Hannah Kia,Devin Henry,dhenry@dickhannah.com,Devin
George Gee Kia Liberty Lake,Kelly Stockton,kstockton@goseegee.com,Kelly
Lee Johnson Chevrolet KIA Mazda,Greg Bednarz,gbednarz@leejohnson.com,Greg
Overturf Volkswagen Kia,Brian Hull,bhull@overturfmotors.com,Brian
Dennis Dillon Kia,Beau Bouton,bbouton@dennisdillon.com,Beau
Sunset Kia,Justin Mithun,justin.mithun@sunsetkiaofauburn.com,Justin
Lithia KIA Of Anchorage,Justin Green,jgreen@lithia.com,Justin
Stone's Kia,Kyle Stringham,,Kyle
Buttes Mile High Chrysler Dodge Jeep RAM KIA,Mark Hislop,mhislop@milehighcjd.com,Mark
Kia of Portland on Broadway,Bryce Baulig,bbaulig@kiaofportland.com,Bryce
Butler KIA,Tom Pitts,tompitts@butlerman.com,Tom
Kiefer KIA,Paul Sucamele,p_sucamele@gokiefer.com,Paul
Power KIA,Steve Schendel,steves@powerkia.com,Steve
Team KIA Of Bend,Joshua Casey,j.casey@goteamkia.com,Joshua
Warrenton KIA,Steven Counts,src@warrentonkia.net,Steven
Car Pros KIA Tacoma,John Samples,jsamples@carpros.com,John
Hanson KIA Subaru,Dale Reeves,dale@hansonmotors.com,Dale
West Hills Kia,Matt Wright,mwright@westhillskia.com,Matt
KIA Of Puyallup,Tom Evans,tome@kiaofpuyallup.com,Tom
Car Pros Kia Renton,Jeff Lydic,jlydic@carpros.com,Jeff
Wenatchee KIA,Dave Manke,dmanke@nwkia.com,Dave
Steve Hahn's Performance Volkswagen,Jared Lingle,jlingle@stevehahns.com,Jared
Billion Kia of Missoula,Cameron Moncy,cameron.moncy@billionauto.com,Cameron
Beaverton Kia,Rob Corder,rcorder@beavertonkia.com,Rob
Ron Tonkin KIA,Geoff Walker,geoff.walker@tonkin.com,Geoff
Chuck Olson Kia,Brandon Gloeckner,brandon@chuckolsonkia.com,Brandon
