﻿Jim Bone Kia of Santa Rosa,Dave Cavanaugh,davec@jimboneauto.com,Dave
Kia of Stockton,Zack Eck,reck@lithia.com,Zack
John L. Sullivan's Roseville Kia,Nick McKnight,nickm@rosevillekia.com,Nick
George Gee Kia,Kelly Stockton,kstockton@goseegee.com,Kelly
Pocatello Kia,David Briggs,david.briggs@pocatellonissan.com,David
Kendall Kia,Craig Harris,craigharris@kendallauto.com,Craig
Tom Dolan's Reno Kia,Mark Chism,mark.chism@dolanautogroup.com,Mark
Folsom Lake KIA,Doug Peterson,dougpeterson@folsomlakekia.com,Doug
Kia of Vacaville,Todd Uyehara,tuyehara@kiavacaville.com,Todd
Merced KIA,Paul Isenberg,paulisenberg@mercedvw.com,Paul
