﻿Penske Kia Chula Vista,Ryan Knight,rknight@socalpenske.com,Ryan
Kearny Pearson Ford and Kia,Cainen Wong,cwong@kpford.com,Cainen
Weseloh KIA Carlsbad,Jim Allen,jimallen@weseloh.com,Jim
Findlay KIA,Scott Crockett,scrockett@findlayauto.com,Scott
Jim Marsh Kia,Dennis Ryan,dennisr@jimmarshauto.com,Dennis
North County Kia,Greg Meer,gregm@northcountykia.com,Greg
Ball Kia,Bruce Webb,brucew@ballauto.com,Bruce
Palm Springs Kia,Jesse Garcia,j.garcia@palmspringskia.com,Jesse
DCH Kia of Temecula,Sandra Wingate,swingate@dchusa.com,Sandra
Henderson Kia,Peter Gonzalez,pgonzalez@hendersonkia.com,Peter
