﻿Kia of South Austin,Bobby Daughtry,bdaughtry@kiaofsouthaustin.com,Bobby
Victory KIA,Kyle Condray,kylecondray@yahoo.com,Kyle
World Car Kia Mazda,Gilbert Pena,gilbert.pena@worldcar.com,Gilbert
World Car Kia,Kyle Condray,kyle.condray@worldcar.com,Kyle
Ancira Kia,Preston Moebius,pmoebius@ancira.com,Preston
Dennis Eakin Kia,Chris Curry,service@eakinkia.com,Chris
Bert Ogden Harlingen Kia,Lupe Garcia,lupe.garcia@bertogden.com,Lupe
Southwest Kia AU,John Sheeks,j.sheeks@capitolkia.net,John
Mike Shaw Kia,Yancy Rodriguez,yancy@mikeshawkia.com,Yancy
Sames Kia,Sylvia Rodriguez,sylviarodriguez@sames.net,Sylvia
Southwest Kia RR,John Scurlock,j.scurlock@roundrockkia.com,John
University Kia,James Griner,jam.grin@gmail.com,James
Bert Ogden KIA,Kevin Castro,kevin.castro@bertogden.com,Kevin
